Unique Names	NameCopy	MatchedViaf	Length	Manual Viaf	Notes
A R. Schönlank	A R. Schönlank		14		
A. C. W	A. C. W		7		
A. D	A. D		4		
A. F. del Marle	A. F. del Marle		15		
A. J. Korteweg	A. J. Korteweg		14	http://viaf.org/viaf/61657476	
A. L	A. L		4		
A. M. Frey	A. M. Frey		10		
Dr. med. A. Meier-Naef	A. Meier-Naef		13		No Viaf Results
Aage von Kohl	Aage von Kohl	10834774			
Knoblauch	Adolf Knoblauch			http://viaf.org/viaf/54895426	
Adolf Küthe	Adolf Küthe				viaf useless
Adolf Lantz	Adolf Lantz	57374153			
Gösta Adrian-Nilsson	Adrian-Nilsson, Gösta, 1884-1965	62345837			
Albert Dreyfus	Albert Dreyfus				
Albert Verwey	Albert Verwey				
Albert-Bloch	Albert-Bloch				
Ernst Oscar Albrecht	Albrecht, Emil Oskar 1895-1953	171332929			
Rodolfo Alcaro	Alcaro, Rodolfo, 1896-1982	61464851			
Alexander Mette	Alexander Mette				
Alexander Toufanoff	Alexander Toufanoff				nolink
Alexandre Mercereau	Alexandre Mercereau				
Alf Eggers	Alf Eggers				
Alf Frauchen	Alf Frauchen				
Alfred Hombert	Alfred Hombert				
Alfréd Kemény	Alfréd Kemény				
Alfred Kerr	Alfred Kerr				
Alfred Richard Meyer	Alfred Richard Meyer				
Rudolf Alker	Alker, Rudolf	308216916			
Adolf Allwohn	Allwohn, Adolf, 1893-	56922703			
Peter Altenberg	Altenberg, Peter, 1859-1919	14765396			
Wilhelm Altmann	Altmann, Wilhelm, 1862-1951	76412476			
Andre BRETON	André Breton			http://viaf.org/viaf/49222341/	http://viaf.org/viaf/49222341/
André Breton	André Breton			http://viaf.org/viaf/49222341/	http://viaf.org/viaf/49222341/
A. v. K	Andre Von Kun		7		No Viaf Results
André von Kún	André von Kún				No Viaf Results
Andreas Gáspár	Andreas Gáspár				
Anna Well	Anna Well				
Doktor Anselm Sabberer	Anselm Sabberer				
Anton Schnack	Anton Schnack				
Guillaume Apollinaire	Apollinaire, Guillaume, 1880-1918	66462795			
Kurt Aram	Aram, Kurt	37343591			
Alexander Archipenko	Archipenko, Alexander, 1887-1964	71544609			
archipenko	Archipenko, Alexander, 1887-1964	71544609			
Erich Arendt	Arendt, Erich.	97629443			
Hans Arp	Arp, Jean, 1887-1966	7386175			
Arthur Keleti	Arthur Keleti				
Artur Babilotte	Artur Babilotte				
Artur Segai	Artur Segai				
Waldemar Askenasy	Askenasy, Waldemar	316529085			
Gerhard Ausleger	Ausleger, Gerhard, 1891-1969	77065795			
B. Werner	B. Werner		9		
Artur Babillotte	Babillotte, Arthur, 1887-1916	30276419			
Arthur Babillotte	Babillotte, Arthur, 1887-1916	30276419			
Giacomo Balla	Balla, Giacomo, 1871-1958	29596654			
Herman Bang	Bang, Herman, 1857-1912	34476645			
Oskar Baum	Baum, Oskar, 1883-1941	3261714			
Peter Baum	Baum, Peter, 1939-...	112168065			
Willi Baumeister	Baumeister, Willi, 1889-1955	64043647			
André Beaunier	Beaunier, André, 1869-1925	51685468			
Adolf Behne	Behne, Adolf, 1885-1948	183300			
Franz Richard Behrens	Behrens, Franz Richard, 1895-1977	51839856			
Vincenc Benes	Beněs, Vincenc, 1883-1979	47548218			
Gottfried Benn	Benn, Gottfried, 1886-1956	49221461			
Friedrich Kurt Benndorf	Benndorf, Friedrich Kurt, 1871-1945	27862464			
Henryk Berlewi	Berlewi, H. (Henryk), 1894-1967	61821245			
Aurel Bernáth	Bernáth, Aurél, 1895-1982	73980021			
Berthold Viertel	Berthold Viertel				
Besteher	Besteher				
Hans Bethge	Bethge, Hans, 1876-1946	99111403			
Bim	Bim				
Bimini	Bimini				
Birnbacher	Birnbacher				
Ernst Blass	Blass, Ernst, 1890-1939	14902917			
Hans Blüher	Blüher, Hans, 1888-1955	805975			
Rudolf Blümmer	Blümmer, Rudolf.	300396342			
Blümner	Blümner				
Rudolf Blümner	Blümner, Rudolf	248925068			
Rudolf Blumner	Blümner, Rudolf	248925068			
Umberto Boccioni	Boccioni, Umberto, 1882-1916	51685971			
Boccioni	Boccioni, Umberto, 1882-1916	51685971			
Hanns Bolz	Bolz, Hanns, 1885-1918	45204724			
Paul Bommersheim	Bommersheim, Paul	62295203			
Frederik Böök	Böök, Fredrik, 1883-1961	41950539			
Svend Borberg	Borberg, Svend, 1888-1947	26140181			
Borken die Käfer	Borken die Käfer				
Alexander Bortnyik	Bortnyik, Alexander, 1926-1973	308269375			
Victor Bourgeois	Bourgeois, Victor, 1897-1962	66594534			
Brancusi	Brâncuşi, Constantin, 1876-1957	71387926			
Heinz Braune	Braune, Heinz.	39735709			
Max Breuel	Breuel, Max	62000401			
Brigitte	Brigitte				
Carl Brinitzer	Brinitzer, Carl.	42952510			
Marcel BRION	Brion, Marcel, 1895-1984	8241			
Broby Johansen	Broby Johansen				
Rud Broby	Broby, Rud	30526558			
Max Brod	Brod, Max, 1884-1968	56606649			
Francis Bruguière	Bruguière, Francis Joseph	24649665			
Bruno Corra	Bruno Corra				
Dr. med. Bucher	Bucher				
Carl Buchheister	Buchheister, Carl, 1890-1964	51958909			
Rogelio Buendia	Buendía, Rogelio, 1891-1969	95318394			
D. Burljuk	Burli︠u︡k, David, 1882-1967	27185777			
Paolo Buzzi	Buzzi, Paolo, -1956	44407518			
Edgar Byk	Byk, Edgar 1883-	52787082			
C. O. —E	C. O. —E		8		
Campendonk	Campendonk			http://viaf.org/viaf/62670417	
H. Campendonk	Campendonk, H.	62670417	13		
Josef Capek	Čapek, Josef, 1887-1945	29531402			
Joseph Cäpek	Čapek, Josef, 1887-1945	29531402			
Ivan Cargo	Čargo, Ivan, 1898-1958	101456673			
Mario Carli	Carli, Mario, 1889-1935	112413268			
Carlo D. Carra	Carrà, Carlo, 1881-1966	7400206			
Blaise Cendrars	Cendrars, Blaise, 1887-1961	82676625			
Marc Chagall	Chagall, Marc, 1887-1985	103953801			
Chammay Pinsky	Chammay Pinsky				
Josef Chochol	Chochol, Josef, 1880-1956	51350063			
Arturo Ciacelli	Ciacelli, Arturo, 1883-1966	67293355			
Paul Citroen	Citroen, Paul Roelof, 1896-1983	108360371			
Paul Claudel	Claudel, Paul, 1868-1955	100163516			
Corvinus	Corvinus				
Crotalus	Crotalus				
Curt Sacherau	Curt Sacherau				No Viaf Results
Curt Seidel	Curt Seidel				
D. O	D. O		4		
Lajos Ebneth	D'Ebneth, Lajos, 1902-1982	18285302			
Carl Dallago	Dallago, Carl, 1869-1949	803304			
Theodor Däubler	Däubler, Theodor	32069			
Max Dauthendey	Dauthendey, Max, 1867-1918	49238491			
Dehmel	Dehmel				
Richard Dehmel	Dehmel, Richard, 1863-1920	2509022			
Ferdinand Delak	Delak, Ferdo	102612940			
Delaunay	Delaunay				
Robert Delaunay	Delaunay, Robert, 1885-1941	68979341			
Depero	Depero, Fortunato, 1892-1960	14782093			
Der Kaiser	Der Kaiser				UnViafable
Der lyrische Pharisäer	Der lyrische Pharisäer				UnViafable
Der Prinz	Der Prinz				UnViafable
Der Sturm	Der Sturm				UnViafable
Der Verlag und die Redaktion Der Sturm	Der Verlag und die Redaktion Der Sturm				UnViafable
Tibor Déry	Déry, Tibor, 1894-1977	14768732			
Tibor Dery	Déry, Tibor, 1894-1977	14768732			
Walter Dexel	Dexel, Walter, 1890-1973	39650673			
Dichtungen	Dichtungen				
Die Kampfbühne	Die Kampfbühne				UnViafable
Die Redaktion	Die Redaktion				UnViafable
Die Redaktion der Wochenschrift Der Sturm	Die Redaktion der Wochenschrift Der Sturm				UnViafable
Die Schriftleitung	Die Schriftleitung				UnViafable
Die Sturmbühne	Die Sturmbühne				UnViafable
Viktor von Dirsztay	Dirsztay, Viktor	305430937			
Alfred Döblin	Döblin, Alfred, 1878-1957	51688166			
Dr. med. Alfred Döblin	Döblin, Alfred, 1878-1957	51688166			
B. F. Dolbin	Dolbin, Benedikt Frederic, 1883-1971	3262032			
Tour Donas	Donas, Martha, 1885-1967	18302925			
Rade Drainac	Drainac, Rade, 1899-1943	79068196			
catherine dreier	Dreier, Katherine Sophie, 1877-1952	59075801			
Arthur Drey	Drey, Arthur, 1890-1965	49971123			
Willy Knobloch	Droste, Sebastian	10829285			
E. Epstein	E. Epstein		10		
E. Fröhlich-Vogel	E. Fröhlich-Vogel		17	ambiguous viaf	
E. Wichmann	E. Wichmann		11		
Waldemar Eckertz	Eckertz, Waldemar 1878-	304826570			
Edm. Kesting	Edm. Kesting		12	http://viaf.org/viaf/8182460	
Edmund Palasovsky	Edmund Palasovsky				
Edmund Palasowsky	Edmund Palasowsky				
Eduard Pukl	Eduard Pukl				
Edvard Stephančič	Edvard Stephančič				
Hans Ehrenbaum-Degele	Ehrenbaum-Degele, Hans	25346059			
Albert Ehrenstein	Ehrenstein, Albert, 1886-1950	41868516			
Eine Dichtung	Eine Dichtung				
Carl Onno-Eisenbart	Eisenbart, Onno Carl 1865-	308203898			
Elek Turcsányi	Elek Turcsányi	121450638			
Paul Eluard	Éluard, Paul, 1895-1952	73848255			
Dr. med. Hermann Engels	Engels, H. (Hermann), 1939-	94348813			
Elisabeth Epstein	Epstein, Elisabeth, 1879-1956	35627706			
Erasmus	Erasmus				
Ernst Albrecht	Ernst Albrecht				
Ernst Collin	Ernst Collin				
Erster Hals	Erster Hals				
Erstes Bild	Erstes Bild				
Erwin Weber	Erwin Weber				
Essen / Ruhr	Essen / Ruhr				observe context
Hermann Essig	Essig, Hermann, 1878-1918	76532218			
F. A. Begeer	F. A. Begeer		12		
F. de Boeck	F. de Boeck		11		
F. PROS.	F. PROS.		8		
F.H.	F.H.				
Norbert Falk	Falk, Norbert, asi 1883-1949	230029518			
Paul Fechter	Fechter, Paul, 1880-1958	35247951			
Lyonel Feininger	Feininger, Lyonel, 1871-1956	49225327			
Felix Müller	Felix Müller				
Ferdinand Kiss	Ferdinand Kiss				
Fernant Berckelaers	Fernant Berckelaers				
Emil Filla	Filla, Emil	22183173			
Quintus Fixlein	Fischer, Joseph 1836-1896	72202897			
Fjodor Ssollogub	Fjodor Ssollogub				
Gustave Flaubert	Flaubert, Gustave, 1821-1880	9846192			
Luciano Folgore	Folgore, Luciano, 1888-1966	73872493			
Fr. Marc	Fr. Marc		8	http://viaf.org/viaf/44310294	
Fr. Rosenkranz	Fr. Rosenkranz		14		
Francesco Carrozza	Francesco Carrozza				
Franz Herczeg	Franz Herczeg				
Franz Hoffmann	Franz Hoffmann				
Franz Marc	Franz Marc			http://viaf.org/viaf/44310294	
Franz Mare	Franz Mare			http://viaf.org/viaf/44310294	
Franz Müller	Franz Müller				
Franz Richard Dehrens	Franz Richard Dehrens				
Franz Seiwert	Franz Seiwert				
Franz Ziller	Franz Ziller				
Franz Zorn	Franz Zorn				
Friedrich Mellinger	Frederic Mellinger	5929422			
Dr. Friedlaender	Friedlaender				
S. Friedlaender	Friedlaender, Salomo, 1871-1946	59135104	15		
S. Friedländer	Friedlaender, Salomo, 1871-1946	59135104	14		
Dr. S. Friedlaender	Friedlaender, Salomo, 1871-1946	59135104	15		
Friedrich Entelmann	Friedrich Entelmann				
Dr. med. Friedrich Lube	Friedrich Lube				No Viaf Results
Friedrich Rosenkranz	Friedrich Rosenkranz				
Fritz Baumann	Fritz Baumann				
Fritz Entelmann	Fritz Entelmann				
Fritz Hoeber	Fritz Hoeber				
Fritz Schwiefelt	Fritz Schwiefelt				
Fritzmann	Fritzmann				
Paul Fuhrmann	Fuhrmann, Paul, 1893-1952	54939858			
G. den Decker	G. den Decker		13		
Dr. phil. G. Räusch	G. Räusch		15		No Viaf Results
G.J. Vischer-Klamt	G.J. Vischer-Klamt		18		
Dr. med. Gebert	Gebert				
Georg Crocha	Georg Crocha				
Gertrud von Kunowski	Gertrud von Kunowski	269573023			
Géza Szilágyi	Géza Szilágyi				
Albert Gleizes	Gleizes, Albert, 1881-1953	66467993			
CAMILLE GOEMANS	Goemans, Camille	93089977			
Claire Goll	Goll, Claire, 1891-1977	56610521			
Ciaire Goll	Goll, Claire, 1891-1977	56610521			
Iwan Goll	Goll, Yvan, 1891-1950	39390718			
Golo Gangi	Golo Gangi				
Natalie Gontscharowa	Goncharova, Natalii︠a︡ Sergeevna, 1881-1962	295433813			
Gontscharowa	Gontscharowa				
Gino Gori	Gori, Gino, 1876-1952	59216046			
John von Gorsleben	Gorsleben, Rudolf John, 1883-1930	57375226			
Götz	Götz				
Corrado Govoni	Govoni, Corrado, 1884-1965	56673517			
Hermann Gramlich	Gramlich, Hermann	171307326			
Grete von Urbanitzky	Grete von Urbanitzky	64780939			
Roch Grey	Grey, Roch	45811448			
Juan Gris	Gris, Juan, 1887-1927	49245334			
Isaac Grünewald	Grünewald, Isaac, 1889-1946	5239288			
H. C	H. C		4		
H. P	H. P		4		
H. Reichenberger	H. Reichenberger		16		
H. Siebelind	H. Siebelind		12		
Gustav Haeberlein	Haeberlein, Heinrich 1820-1867	20881915			
Hans Haffenrichter	Haffenrichter, Hans	50016961			
Per Hallström	Hallström, Per, 1866-1960	66566015			
Hans Brass	Hans Brass				
Hans Ehrenbaum Degele	Hans Ehrenbaum Degele				
Hans Gause	Hans Gause				
Ferdinand Hardekopf	Hardekopf, Ferdinand	76444389			
Harold Bengen	Harold Bengen peintre allemand	40415202			
Paul Hatvani	Hatvani, Paul, 1892-1975	8141730			
Wilhelm Hausenstein	Hausenstein, Wilhelm, 1882-1957	7405078			
Hausmann Peri	Hausmann Peri				
Raoul Hausmann	Hausmann, Raoul, 1886-1971	51690736			
E. Heckel	Heckel, Erich, 1883-1970	41848647			
Heemskerck	Heemskerck				
Jacoba van Heemskerck	Heemskerck van Beest, Jacoba van, 1876-1923	26813215			
Hegner	Hegner				
Iwan Heilbut	Heilbut, Iwan	30293248			
Kurt Heinar	Heinar, Kurt	3463713			
Heinrich Ehl	Heinrich Ehl				
Heinrich Horvát	Heinrich Horvát				
Heinrich Mann	Heinrich Mann				
Heinrich Pudor	Heinrich Pudor				
Heinrich Rebensburg	Heinrich Rebensburg				
Karl Borromäus Heinrich	Heinrich, Karl Borromäus, 1884-	71865533			
Heinz Leuner	Heinz Leuner				
Heinz Luedecke	Heinz Luedecke				
Henry Gauthier-Villars	Henry Gauthier-Villars				
Hermaii Wagaer	Hermaii Wagaer				observe context
Hermann Huber	Hermann Huber				No Viaf Results
Hermann Koch	Hermann Koch				ambiguous viaf
Hermann Selka	Hermann Selka				
Hermann Wagner	Hermann Wagner				
Herwath Walden	Herwath Walden				
Walther Heymann	Heymann, Walther, 1882-1915	35217401			
Walter Heymann	Heymann, Walther, 1882-1915	35217401			
Alfred Walter Heymel	Heymel, Alfred Walter, 1878-1914	39416910			
Kurt Heynicke	Heynicke, Kurt, 1891-1985	52481285			
Ludwig Hilberseimer	Hilberseimer, Ludwig	24648931			
Peter Hille	Hille, Peter, 1854-1904	97904344			
Kurt Hiller	Hiller, Kurt, 1885-1972	47553949			
Sigrid Hjertén–Grünewald	Hjertén, Sigrid, 1885-1948	72203175			
Jacob van Hoddis	Hoddis, Jakob van 1887-1942	39414707			
Jakob van Hoddis	Hoddis, Jakob van 1887-1942	39414707			
Jacob von Hoddis	Hoddis, Jakob van 1887-1942	39414707			
Ferdinand Hodler	Hodler, Ferdinand, 1853-1918	41848532			
Vlatislav Hofman	Hofman, Vlastislav, 1884-1964	62340502			
Arno Hotz	Hotz, Arno	200319589			
Fritz Hübner	Hübner, Fritz	32193380			
Friedrich Markus Huebner	Huebner, Friedrich Markus	45070297			
Hugo Händel	Hugo Händel				
Hugo Scheiber	Hugo Scheiber				
Hugo Wolf	Hugo Wolf				
Herbert Ihering	Ihering, Herbert, 1888-1977	76344936			
Bernhard Ihringer	Ihringer, Bernhard 1889-1918	171081129			
Ingeborg Lacour-Torrup	Ingeborg Lacour-Torrup				No Viaf Results
Johannes Itten	Itten, Johannes, 1888-1967	71392512			
Ivan Poljak	Ivan Poljak				
J. A	J. A		4		
J. L. Windholz	J. L. Windholz		14		
J. Leonard Roeselare	J. Leonard Roeselare		20		
J. Pfister	J. Pfister		10		
Jablowsky	Jablowsky				
Jacob Eingartner	Jacob Eingartner				
Heinrich Eduard Jacob	Jacob, Heinrich Eduard, 1889-1967	64122568			
Jacoba van Heemskreck	Jacoba van Heemskreck				
Jacques	Jacques				
Jacques Baron	Jacques Baron				
Jacques Rivière	Jacques Rivière			http://viaf.org/viaf/100209825/	
Jacques Riviére	Jacques Rivière			http://viaf.org/viaf/100209825/	
Harry Jaeger-Mewe	Jaeger-Mewe, Harrn (1876- ).	10878999			
Marcel Janco	Janco, Marcel, 1895-1984	29501079			
Guglielmo Jannelli	Jannelli, Guglielmo, 1895-1950	10673609			
Jean Günter	Jean Günter				
Jean Zrzavy	Jean Zrzavy				
Jean-Jacques	Jean-Jacques				pseudo H. Jacob
Jean-Jaques	Jean-Jaques				pseudo H. Jacob
Mirko Jelusic	Jelusich, Mirko, 1886-1969	51818830			
Dusan Jerkovic	Jerković, Dušan	305644191			
John Wolfs	John Wolfs				
Paul Joostens	Joostens, Paul, 1889-1960	66585980			
Jörg Mager	Jörg Mager				
Josef Peeters	Josef Peeters				
Josef Treß	Josef Treß				
Joseph Adler	Joseph Adler				
Joseph Tress	Joseph Tress				
Jovan Popovitsch	Jovan Popovitsch				
Jozef Peeters	Jozef Peeters				
Franz Jung	Jung, Franz, 1888-1963	66481715			
K. H	K. H		4		
K. M	K. M		4		
Béla Kádár	Kádár, Béla, 1877-1956	95830622			
Belá Kádár	Kádár, Béla, 1877-1956	95830622			
E. Kagarow	Kagarov, Evgeniĭ Georgievich, 1882-1942	51006481			
Graf von Kalckreuth	Kalckreuth, Leopold, Graf von, 1855-1928	57409463			
Siegmund Kalischer	Kalischer, Siegmund	206674625			
Kampfbûhne	Kampfbûhne				
Kandinsky	Kandinsky, Wassily, 1866-1944	22143802			
W. Kandinsky	Kandinsky, Wassily, 1866-1944	22143802	12		
Wassily Kandinsky	Kandinsky, Wassily, 1866-1944	22143802			
Karel Albert	Karel Albert				
Karel Maes	Karel Maes				
Karl Brand	Karl Brand				
Karl Gerlach	Karl Gerlach				
Karl Haman	Karl Haman				
Karl Hauer	Karl Hauer				
Karl Vogt	Karl Vogt				
Kassák Lajós	Kassák, Lajos	100269972			
Katholisches Mysterienspiel	Katholisches Mysterienspiel				
Edmund Kesting	Kesting, Edmund	8182460			
Friedrich Kiesler	Kiesler, Frederick	24651477			
Alfred Kind	Kind, Alfred, 1876-1927	47150196			
Kinner v. Dresler	Kinner v. Dresler		17		
Kinner von Dresler	Kinner von Dresler				
E. L. Kirchner	Kirchner, Ernst Ludwig, 1880-1938	9888581			
HERMANN KIY	Kiy, Hermann, 1879-1963	64751952			
Paul Klee	Klee, Paul, 1879-1940	68931085			
César Klein	Klein, César, 1876-1954	47556957			
Adolf Knoblauch	Knoblauch, Adolf, 1882-	54895426			
Erlauch	Knoblauch, Adolf, 1882-	54895426			
Karlo Kocjančič	Kocjančič, Karlo, 1901-1970	46713939			
Bohuslav Kokoschka	Kokoschka, Bohuslav (German artist, born 1893)	96374010			
Oskar Kokoschka	Kokoschka, Oskar, 1886-1980	31998450			
Desider Kosztolányi	Kosztolányi, Dezső, 1885-1936	17232459			
Desider Kosztolanyi	Kosztolányi, Dezső, 1885-1936	17232459			
Fran Kralj	Kralj, Francè, 1895-1960	25448298			
Feliks Krassowski	Krassowski, Feliks	161449924			
Karl Kraus	Kraus, Karl, 1874-1936	44300932			
Fritz Kreuzig	Kreuzig, Fritz	45297173			
Karl Heinz Kroll	Kröll, Karl Heinz	120977742			
Dr. Kröner	Kröner				
Arthur Kronfeld	Kronfeld, Arthur, 1886-1941	52486934			
Stanislaw Kubicki	Kubicki, Stanislaw, 1889-1943	18023858			
Kurt Küchler	Küchler, Kurt 1883-1925	45057987			
Lothar von Kunowski	Kunowski, Lothar von	3226744			
Kurt Fr. Kronfeld	Kurt Fr. Kronfeld		17		
Kurt Liebmunn	Kurt Liebmunn				
Rudolf Kurtz	Kurtz, Rudolf, 1884-1960	37671924			
L. H	L. H		4		
L. H. Neitzel	L. H. Neitzel		13	http://viaf.org/viaf/270349836/	
L. Kainer	L. Kainer		9		
L. L	L. L		4		
L. Wachlmeier	L. Wachlmeier		13		
Rudolf von Laban	Laban, Rudolf von 1879-1958	39418539			
Jules Laforgue	Laforgue, Jules, 1860-1887	34458905			
John Landquist	Landquist, John, 1881-1974	68987771			
Frantisek Langer	Langer, František, 1888-1965	12430171			
Egon Löwy	Lánský, Egon T., 1934-	56427150			
Lao-Tse	Laozi.	100199971			
Werner Peter Larsen	Larsen, Werner Peter	60063271			
Else Lasker-Schüler	Lasker-Schüler, Else, 1869-1945	61565628			
Else Lasker–Schüler	Lasker-Schüler, Else, 1869-1945	61565628			
Marie Laurencin	Laurencin, Marie, 1883-1956	122131844			
Sophie van Leer	Leer, Sophie van, 1892-1953	72288041			
Fernand Léger	Léger, Fernand, 1881-1955	34459370			
Alfred Lemm	Lemm, Alfred, 1889-1918	45183776			
Leonardo da Vinci	Leonardo, da Vinci, 1452-1519.	24604287			
Alfred Lichtenstein	Lichtenstein, Alfred, 1889-1914	71423827			
Kurt Liebmann	Liebmann, Kurt, 1897-	37681931			
Detlev von Liliencron	Liliencron, Detlev von 1844-1909	27159252			
Georges Linze	Linze, Georges, 1900-1993	110390431			
JOE LOE	Loewenstein, Josef	170858151			
Adolf Loos	Loos, Adolf, 1870-1933	17225994			
Lothar	Lothar				
Lothar Schleyer	Lothar Schleyer			http://viaf.org/viaf/69038593	
Lotte Schubart	Lotte Schubart				
Ernst Wilhelm Lotz	Lotz, Ernst Wilhelm	61695593			
Ernst Wilhelm Lötz	Lotz, Ernst Wilhelm	61695593			
Louis ARAGON	Louis ARAGON				
Ludwig Kainer	Ludwig Kainer	64274851			
Ludwig Kassàk	Ludwig Kassàk				
Ludwig Kassák	Ludwig Kassàk				
Ludwig Segebarth	Ludwig Segebarth				
Oskar Lüthy	Lüthy, Oscar, 1882-1945	81605025			
Joseph August Lux	Lux, Joseph Aug. (Joseph August), 1871-1947	59858503			
Joseph Aug. Lux	Lux, Joseph Aug. (Joseph August), 1871-1947	59858503	15		
M. Melzer	M. Melzer		9	http://viaf.org/viaf/30298819	
M. R. Schönlank	M. R. Schönlank		15		
M. Seuphor	M. Seuphor		10		
M. Szczuka	M. Szczuka		10		
August Macke	Macke, August, 1887-1914	19686273			
Emil Maetzel	Maetzel, Emil, 1877-1955	69872452			
Emile Malespine	Malespine, Emile 1892-1925	51902152			
Malevitsch	Malevich, Kazimir Severinovich, 1878-1935	14773228			
Man Ray	Man Ray, 1890-1976	7396101			
Manfred Adam	Manfred Adam				
Marcel Darimont	Marcel Darimont				nolink
Louis Marcoussis	Marcoussis, Louis, 1878-1941	100272527			
Marie Pukl	Marie Pukl				nolink
Marij Kogoj	Marij Kogoj				
Marijan Marik	Marijan Marik				nolink
F. T. Marinetti	Marinetti, F. T., 1876-1944	4933263	15	http://viaf.org/viaf/4933263	
Marja Enid	Marja Enid				nolink
Hans Mattis Teutsch	Máttis-Teutsch, János, 1884-1960	804354			
Maurice Casteels	Maurice Casteels				
Max Ernst	Max Ernst				
Max Fröhlich	Max Fröhlich				
Max Morise	Max Morise				
Max Steiner	Max Steiner				
M. H. Maxy	Maxy, M. H., 1895-1971	49048962	10		
Hans Mayer	Mayer, Hans, 1907 March 19-2001	73857245			
Mc. R. Err	Mc. R. Err		10		No Viaf Results
Walter Mehring	Mehring, Walter, 1896-1981	27068501			
Ludwig Meidner	Meidner, Ludwig, 1884-1966	7603180			
Rudolf Meissner	Meißner, Rudolf, 1863-1948	9924179			
Moriz Melzer	Melzer, Moritz, 1877-1966	30298819			
Erich Mendelsohn	Mendelsohn, Erich, 1887-1953	64036345			
Carl Mense	Mense, Carlo, 1886-1965	18025464			
Jean Metzinger	Metzinger, Jean, 1883-1956	25400846			
Michael Lainoff	Michael Lainoff				
Michael Larionow	Michael Larionow				
Michel Puy	Michel Puy				
Lioubomir Mitzitch	Micić, Ljubomir, 1895-1971	45114101			
Mietschislaw Schtscuka	Mietschislaw Schtscuka				
Paul Mieville	Miéville, Paul 1941-...	251044279			
Minimax	Minimax				
N. M. Minski	Minskiĭ, N. M. (Nikolaĭ Maksimovich), 1855-1937	50266497	12		
Octave Mirbeau	Mirbeau, Octave, 1848-1917	100204602			
Moholy-Nagy	Moholy-Nagy, László, 1895-1946.	22203431			
Laszlo Moholy-Nagy	Moholy-Nagy, László, 1895-1946.	22203431			
L. Moholy-Nagy	Moholy-Nagy, László, 1895-1946.	22203431	14		
Otto Moeller	Möller, Otto 1883-1964	13075544			
Johannes Molzahn	Molzahn, Johannes, 1892-1965	71521337			
Harald Landt Momberg	Momberg, Harald Landt, 1896-	225356247			
Alfred Mombert	Mombert, Alfred, 1872-1942	61592829			
Wilhelm Morgner	Morgner, Wilhelm, 1891-1917	3266011			
Zsigmond Móricz	Móricz, Zsigmond, 1879-1942	22179627			
Moritz König	Moritz König				
Moriz König	Moriz König				
Georg Muche	Muche, Georg, 1895-1987	32788841			
Müller-Kaboth	Müller-Kaboth				
Günther Mürr	Müller, Günther, 1890-1957	52471110			
Munch	Munch				
Herbert Mündel	Mundel, Herbert 1901-	50020454			
Herbert Mundel	Mundel, Herbert 1901-	50020454			
G. Münter	Munter, G. (Gerrit), 1876-1971	289490892	9		
Gabriele Münter	Münter, Gabriele, 1877-1962	51864611			
Mynona	Mynona, 1871-1946	281958886			
N. W	N. W		4		
Otto Nebel	Nebel, Otto, 1892-1973	95203050			
Oskar Nerlinger	Nerlinger, Oskar, 1893-1969	54944429			
Oscar Nerlinger	Nerlinger, Oskar, 1893-1969	54944429			
Neugierige R. R	Neugierige R. R		15		
Lilly Nevinny	Nevinny, Lilly	25588469			
VITEZLAV NEZVAL	Nezval, Vítězslav, 1900-1958	7402030			
Luciano Nicastro	Nicastro, Luciano, 1895-	27882321			
Nichts	Nichts				
Nikolaus Braun	Nikolaus Braun				
Nina-Naj	Nina-Naj				
Emil Nolde	Nolde, Emil, 1867-1956	37040576			
Heinrich Nowak	Nowak, Heinrich, 1890-1955	79133839			
O. E	O. E		4		
O. N	O. N		4		
Okkultes Drama	Okkultes Drama				
Arnold Oppel	Oppel, Arnold	61924270			
Oscar Nerliner	Oscar Nerliner				
Walther G. Oschilewski	Oschilewski, Walther Georg, 1904-	78822672	22		
Oskar Fischer	Oskar Fischer				
Oskar Graf-Berg	Oskar Graf-Berg				Oskar Graf pseudonym
Karl Ernst Osthaus	Osthaus, Karl Ernst, 1874-1921	54940791			
Wilhelm Ostwald	Ostwald, Wilhelm, 1853-1932	44372577			
Oswald Herzog	Oswald Herzog				
Otakar Kubin	Otakar Kubin				
Otto Ernst	Otto Ernst				
Otto Feyen	Otto Feyen				No Viaf Results
Otto Goedecker	Otto Goedecker				
Otto Pick	Otto Pick				
Otto Rurig	Otto Rurig				
Otto Spyka	Otto Spyka				
P. L. Flouquet	P. L. Flouquet		14		
Nico Phirosmanichvily	P'irosmanišvili, Niko, 1862-1918	285291656			
Aldo Palazzeschi	Palazzeschi, Aldo, 1885-1974	46787155			
Palucca	Palucca, Gret, 1902-1993	30332111			
Panaggi	Panaggi				
Pannaggi	Pannaggi				
Julius Pascin	Pascin, Jules, 1885-1930	97262322			
Paul Busch	Paul Busch				
Paul Ferdinand Schmidt	Paul Ferdinand Schmidt				
Paul Fort	Paul Fort				
Paul Hiller	Paul Hiller				
Paul Leppin	Paul Leppin				
Paul Mahlberg	Paul Mahlberg				
Paul NOUGE	Paul NOUGE				
Paul v. Ostayen	Paul v. Ostayen		15	http://viaf.org/viaf/14812170/	
Paul Zech	Paul Zéch			http://viaf.org/viaf/61554006/	
Paul Zéch	Paul Zéch			http://viaf.org/viaf/61554006/	
Pave Starcevic	Pave Starcevic				
Max Pechstein	Pechstein, Max, 1881-1955	5095548			
Benjamin Péret	Péret, Benjamin, 1899-1959	90640237			
Benjamin Peret	Péret, Benjamin, 1899-1959	90640237			
Peri	Peri				
Péri	Peri			http://viaf.org/viaf/77108471/	
Peter Attenberg	Peter Attenberg				
Siegfried Pfankuch	Pfankuch, Siegfried	310580552			
Gaston Picard	Picard, Gaston, 1892-	2570785			
Pablo Picasso	Picasso, Pablo, 1881-1973	15873			
Pierre Bourgeois	Pierre Bourgeois				
Pierre Flouquet	Pierre Flouquet				
Pietsch	Pietsch				
Veno Pilon	Pilon, Veno, 1896-1970	35255759			
Pitigrilli	Pitigrilli, 1893-1975	71520099			
Miroslav Ponc	Ponc, Miroslav, 1902-1976	27872806			
Jovan Popovic	Popović, Jovan Sterija, 1806-1856	71429793			
Iwan Puni	Pougny, Jean, 1892-1956	228711621			
Enrico Prampolini	Prampolini, Enrico, 1894-1956	19762459			
Primo Conti	Primo Conti				
Prof. Avgust Cernigoj	Prof. Avgust Cernigoj		21		
Prof. Avgust Černigoj	Prof. Avgust Černigoj		21		
Progreß	Progreß				
Stanislaw Przybyszewski	Przybyszewski, Stanisław, 1868-1927	64049111			
Isidor Quartner	Quartner, Isidor	5974745			
Quido Salvini	Quido Salvini				
r delaunay	r delaunay				
R. B	R. B		4		
R. K. Neumann	R. K. Neumann		13		
R. K. Neumann-Lankwitz	R. K. Neumann-Lankwitz		22		
R. Laudon	R. Laudon		9		
R. R	R. R.		5		
R R	R. R.		5		
R. Reiche	R. Reiche		9		
R.B.	R.B.				
Risto Ratkovic	Ratković, Risto	27309037			
Hilla von Rebay	Rebay, Hilla, 1890-1967	66598165			
Reinhard Goering	Reinhard Goering				
Larissa Reissner	Reĭsner, Larisa, 1895-1926	71424172			
René Schickete	René Schickele			http://viaf.org/viaf/2483774	
Reth	Reth				
Alfred Réth	Reth, Alfred, 1884-1966	27189301			
G. Ribemont-Dessaignes	Ribemont-Dessaignes, Georges, 1884-1974	96123513	22		
Georges Ribemont-Dessaignes	Ribemont-Dessaignes, Georges, 1884-1974	96123513			
Richard Fuchs	Richard Fuchs				
Richard Julius Hirschfeld	Richard Julius Hirschfeld				ambiguous viaf
Richter-Berlin	Richter-Berlin				
Riehard Dehmel	Riehard Dehmel				
Arthur Rimbaud	Rimbaud, Arthur, 1854-1891	7396281			
Thaddäus Rittner	Rittner, Tadeusz, 1873-1921	61592817			
Thaddaeus Rittner	Rittner, Tadeusz, 1873-1921	61592817			
Sem Roan	Roan, Sem	45321787			
Robert Delauany	Robert Delauany				
Robert Lewin	Robert Lewin				No Reasonable Matches
Robert Reiter	Robert Reiter				
Robert Vámbery	Robert Vámbéry				
Robert Vámbéry	Robert Vámbéry				
Franz Rolan	Rolan, Franz 1872-1934	59453369			
Roland Schacht	Roland Schacht	45071472			
F. Rosenkranz	Rosenkranz, Friedrich.	88119676	13		
Andre Rouveyre	Rouveyre, André, 1879-1962	7427978			
Ludwig Rubiner	Rubiner, Ludwig.	74645710			
Rudolf Bauer	Rudolf Bauer				
Dr. Rudolf Breitscheid	Rudolf Breitscheid				
Rudolf Leonhard	Rudolf Leonhard				
Otto Rung	Rung, Otto, 1874-1945	9672316			
Runge	Runge				
Luigi Russolo	Russolo, Luigi	51855249			
Valentine de Saint-Point	Saint-Point, Valentine de	7438282			
Albert Samain	Samain, Albert, 1858-1900	54153956			
Samuel Lublinski	Samuel Lublinski				
Sandro Malmquist	Sandro Malmquist	192633104			
Bruno G. Sanzin	Sanzin, Bruno G., 1906-	27883256			
Sar Péladan	Sar Péladan				observe context
Sar Peladan	Sar Péladan				
Richard Schaukal	Schaukal, Richard von 1874-1942	14895914			
Paul Scheerbart	Scheerbart, Paul, 1863-1915	44474928			
Peter Scher	Scher, Peter, 1880-1953	294344172			
Emil Schering	Schering, Emil, 1873-1951	47534294			
Robert Scheu	Scheu, Robert, 1873-	15540676			
René Schickele	Schickele, René, 1883-1940	2483774			
Rene Schickele	Schickele, René, 1883-1940	2483774			
Schlacht	Schlacht				
Oskar Schlemmer	Schlemmer, Oskar, 1888-1943	9910342			
Wilhelm Schlichtkrull	Schlichtkrull, Wilhelm 1902-	306292615			
Schmidt-Rottluff	Schmidt-Rottluff				
Rudolf Schmitt Sulzthal	Schmitt-Sulzthal, Rudolf 1903-1971	20441341			
Olga Schneider	Schneider, Olga	315976493			
Hugo Schreiber	Schreiber, Hugo	41556042			
Lothar Schreyer	Schreyer, Lothar, 1886-1966	69038593			
Georg Schrimpf	Schrimpf, Georg, 1889-1938	74648905			
Werner Schumitz	Schumitz, Werner 1881-1960	305341877			
Ernst Schur	Schur, Ernst, 1876-1912	8162267			
Hugo Engelbert Schwarz	Schwarz, Hugo Engelbert	57637128			
Kurt Schwerdtfeger	Schwerdtfeger, Kurt, 1897-1966	45097842			
Kurt Schwitters	Schwitters, Kurt, 1887-1948	27071479			
Schwitters	Schwitters, Kurt, 1887-1948	27071479			
KURT MERZ SCHWITTERS	Schwitters, Kurt, 1887-1948	27071479			
Marcel Schwob	Schwob, Marcel, 1867-1905	66473393			
Artur Segal	Segal, Artur	10884140			
Samuel Fridolin	Seidenberg, Samuel Fridolin	307514869			
Franz W. Seiwert	Seiwert, F. W. (Franz Wilhelm), 1894-1933	45095347	16		
Victor Servranckx	Servranckx, Victor, 1897-1965	10117306			
Emilio Settimelli	Settimelli, Emilio, 1891-	5029183			
Gino Severini	Severini, Gino, 1883-1966	54163042			
Sidney Hunt	Sidney Hunt				
Arthur Silbergleit	Silbergleit, Arthur, 1881-1943	69733754			
Siurlai	Siurlai				
Sjoerd Broersma	Sjoerd Broersma				
Hjalmar Söderberg	Söderberg, Hjalmar, 1869-1941	14783431			
Ardengo Soffici	Soffici, Ardengo, 1879-1964	34478013			
Philippe Soupault	Soupault, Philippe, 1897-1990	109453511			
Otto Soyka	Soyka, Otto, 1882-	814942			
Heinrich Spaemann	Spaemann, Heinrich	64800251			
Ludwig Speidel	Speidel, Ludwig, 1830-1906	42616364			
Christof Spengemann	Spengemann, Christof, 1877-1952	69709184			
W. Steenhoff	Steenhoff, Willem Johannes, 1863-1932	99699064	12		
Stefan Tömörkény	Stefan Tömörkény				
Stefan Wronski	Stefan Wronski				
Steglitz	Steglitz				
Moeller van de Bruck	Steinbömer, Gustav, 1881-	10640489			
Jacob Steinhardt	Steinhardt, Jacob, 1887-1968	13102912			
Sterenberg	Sterenberg				
Curt Stoermer	Stoermer, Curt	204436812			
Otto Stössl	Stoessl, Otto, 1875-1936	64035044			
Otto Stoessl	Stoessl, Otto, 1875-1936	64035044			
R. Storm-Petersen	Storm Petersen, Robert, 1882-1949	14827158	17		
Storm-Petersen	Storm Petersen, Robert, 1882-1949	14827158			
Felix Stössinger	Stössinger, Félix 1889-1954	13080553			
August Stramm	Stramm, August, 1874-1915	34471116			
Strassmann	Strassmann				
Kurt Striepe	Striepe, Kurt 1890-1918	80566349			
August Strindberg	Strindberg, August, 1849-1912	54154627			
Fritz Stuckenberg	Stuckenberg, Fritz, 1881-1944	77117143			
Hans Suschny	Suschny, Hans	42959570			
Swarzensky	Swarzensky, Lewy	57390729			
Szenenbild	Szenenbild				
Julius Szini	Szini, Julius	37959076			
T	T				
T. Zarnower	T. Zarnower		11		
Rabindranath Tagore	Tagore, Rabîndranâth, 1861-1941	24608356			
Takis Kalmouk	Takis Kalmouk				
Georg Tappert	Tappert, Georg, 1880-1957	32004797			
Bruno Taut	Taut, Bruno, 1880-1938	17257069			
Max Taut	Taut, Max, 1884-1967	71625482			
teresa zarnower	teresa zarnower				both viafs are the same person no way to pick between
Th. Fraenkel	Th. Fraenkel		12		
Th. Hellesen	Th. Hellesen		12	http://viaf.org/viaf/50035011/	
Thomas Ring	Thomas Ring			http://viaf.org/viaf/45099432	
Grete Tichauer	Tichauer, Grete	50001406			
Ton August Strindberg	Ton August Strindberg				
Tone Selišikar	Tone Selišikar				
Arnold Topp	Topp, Arnold, 1887-1945?	77394439			
Trust	Trust				
Jan Tschichold	Tschichold, Jan, 1902-1974	34468682			
Tristan TZARA	Tzara, Tristan, 1896-1963	27072443			
Maria Uhden	Uhden, Maria, 1892-1918	10641714			
GIORGIO UMANI	Umani, Giorgio	304918822			
Erich Unger	Unger, Erich, 1887-1950	36954507			
Ursel Ellen Jacoby	Ursel Ellen Jacoby				
Vasari	Vasari				
VERA IDELSON	VERA IDELSON				
Verlag Der Sturm	Verlag Der Sturm				
Max Verworn	Verworn, Max, 1863-1921	17547411			
Nande Vidmar	Vidmar, Nande	305466170			
Viktor v. Dirsztag	Viktor v. Dirsztag		18		
Viktor v. Dirsztay	Viktor v. Dirsztay		18		
Francois Villon	Villon, François, 1431-1463	7398349			
Roger Vitrac	Vitrac, Roger, 1899-1952	32004265			
Vlatislav Goth	Vlatislav Goth				
Vlatislav Hofmann	Vlatislav Hofmann				
Erich Vogeler	Vogeler, Erich	62327121			
Vordemberge-Gildewart	Vordemberge-Gildewart, Friedrich, 1899-1962	66475592			
John Jack Vrieslander	Vrieslander, John Jack 1879-1957	52467495			
W. Dexel	W. Dexel		8		
W. Lasson	W. Lasson		9		
Dr W. Pape	W. Pape		7		
W. W.	W. W.		5		
Wachlmeier	Wachlmeier				
Richard Wagner	Wagner, Richard, 1813-1883	29732107			
Waldemar George	Waldemar-George, 1893-1970	110078767			
Herwarth Walden	Walden, Herwarth, 1878-1941	24745197			
H. W	Walden, Herwarth, 1878-1941	24745197			
H. W.	Walden, Herwarth, 1878-1941	24745197			
Nell Walden	Walden, Nell	72192494			
Walter Krug	Walter Krug				ambiguous viaf
Walter Seidl	Walter Seidl				
William Wauer	Wauer, William, 1866-1962	30305880			
Frank Wedekind	Wedekind, Frank, 1864-1918	27072933			
Artur Weese	Weese, Artur, 1868-	34882708			
Otto Weininger	Weininger, Otto, 1880-1903	95214612			
Weitere Antworten folgen	Weitere Antworten folgen				UnViafable
Werner Geerts	Werner Geerts				
E. Wichman	Wichman, Erich, 1890-1929	64875097			
Wiederhold	Wiederhold				
Wilhelm Runge	Wilhelm Runge				
Willi Knobloch	Willi Knobloch				http://viaf.org/viaf/10829285/
William Blake	William Blake			http://viaf.org/viaf/54144439/	
Wilhelm Worringer	Worringer, Wilhelm, 1881-1965	27143983			
Hans Würtz	Würtz, Hans	20455996			
Walter Landschaft	XXX modified				
W Zastrow	Zastrow, Friedrich W. E. W. von 1840-	308207171			
Max Zerbst	Zerbst, Max, 18..-19..	13072914			
Zlatko Neumann	Zlatko Neumann				
Jan Zrzavy	Zrzavý, Jan	12432757			
Piet Zwart	Zwart, Piet, 1885-1977	108360675			
L'Oeil de Zinc					UnViafable
